time/iterations,time/time_elapsed,time/fps,rollout/ep_rew_mean,time/total_timesteps,rollout/ep_len_mean,train/policy_gradient_loss,train/n_updates,train/std,train/loss,train/explained_variance,train/approx_kl,train/clip_range,train/value_loss,train/learning_rate,train/entropy_loss,train/clip_fraction
1,0,3340,57.50660316666666,1664,69.20833333333333,,,,,,,,,,,
2,1,2336,94.69398767346938,3328,67.06122448979592,-0.00436139061796264,10,0.979322075843811,0.4730047583580017,-0.01791083812713623,0.0049481234,0.1618259529960692,476.4499484722431,0.0006491684215919559,-1.4071893847905672,0.06316105769230769
3,2,2136,77.79668405970148,4992,74.50746268656717,-0.007198720282086959,20,0.9560515284538269,0.884979784488678,0.37964940071105957,0.005204563,0.1618259529960692,573.5639497023362,0.0006491684215919559,-1.3858281942514272,0.06893028846153847
4,3,2022,85.79235480208332,6656,68.875,-0.006747298599937214,30,0.9248051643371582,0.9024820327758789,0.47325366735458374,0.0066431686,0.1618259529960692,416.84067781888524,0.0006491684215919559,-1.3547368604403276,0.08383413461538461
5,4,1956,82.34365788999999,8320,61.69,-0.006359209439072471,40,0.9095827341079712,0.9038121700286865,0.4415314197540283,0.0031908746,0.1618259529960692,562.8212525587816,0.0006491684215919559,-1.3311986185037172,0.07349759615384616
6,5,1917,83.07875286999999,9984,63.48,-0.006335603529945589,50,0.8701295852661133,0.7791677117347717,0.2858167290687561,0.006479132,0.1618259529960692,498.41629732572113,0.0006491684215919559,-1.2984140263153956,0.07247596153846154
7,7,1615,119.61424826999999,11648,60.22,-0.0056740222319674035,60,0.8455978631973267,0.6852213740348816,0.42090004682540894,0.004456917,0.1618259529960692,387.46327526385966,0.0006491684215919559,-1.2635656155072725,0.05390625
8,9,1446,127.87390687999999,13312,62.47,-0.005650461871678439,70,0.8211882710456848,1.0521550178527832,0.40729689598083496,0.0043108733,0.1618259529960692,636.0943018986628,0.0006491684215919559,-1.234348697387255,0.05432692307692308
9,11,1338,136.66723414999998,14976,63.41,-0.0075648093954301795,80,0.7692663073539734,0.48485422134399414,0.5625512301921844,0.007826834,0.1618259529960692,443.3337450467623,0.0006491684215919559,-1.1829307982554802,0.0829326923076923
10,13,1264,131.63624563999997,16640,51.5,-0.006850834851726316,90,0.7433179020881653,1.019234299659729,0.4716000556945801,0.005240553,0.1618259529960692,567.9883743286133,0.0006491684215919559,-1.1377082026921785,0.08221153846153846
11,15,1207,135.55129794,18304,52.32,-0.007344595478990903,100,0.7122262120246887,0.7130454182624817,0.6198666095733643,0.0062527806,0.1618259529960692,498.86251467191255,0.0006491684215919559,-1.0981112947830787,0.07686298076923077
12,17,1161,186.90257683,19968,57.82,-0.006430540477427153,110,0.6879062652587891,1.142891764640808,0.15340930223464966,0.0055008004,0.1618259529960692,685.999639070951,0.0006491684215919559,-1.0611256691125723,0.053245192307692306
13,19,1116,228.07428089,21632,65.61,-0.005573778341595943,120,0.6742944717407227,1.2177037000656128,0.2613852620124817,0.0045892433,0.1618259529960692,711.0875967172476,0.0006491684215919559,-1.0331503968972426,0.08605769230769231
14,21,1088,262.34083191,23296,68.9,-0.00877046996476845,130,0.6535380482673645,1.2237417697906494,0.0953170657157898,0.007403176,0.1618259529960692,706.3911817110502,0.0006491684215919559,-1.0069120067816515,0.09405048076923077
15,23,1061,303.31147892000007,24960,66.43,-0.0011448249507408875,140,0.6372950077056885,1.4386717081069946,0.17214840650558472,0.006459817,0.1618259529960692,854.6652120736929,0.0006491684215919559,-0.9788729397150187,0.109375
16,25,1040,318.06687304,26624,64.57,-0.008751365789570488,150,0.6074314117431641,1.0825750827789307,0.31685060262680054,0.008858922,0.1618259529960692,688.7328728309044,0.0006491684215919559,-0.9397509694099426,0.10649038461538461
17,27,1023,325.46115038000005,28288,63.82,-0.0041660738482068365,160,0.5912917852401733,1.086277961730957,0.2606555223464966,0.0075408635,0.1618259529960692,760.4679882342999,0.0006491684215919559,-0.9010892746540217,0.1266826923076923
18,29,1008,407.95450380999995,29952,74.6,-0.0071303285998650465,170,0.5771535634994507,1.0237715244293213,0.25352615118026733,0.007089026,0.1618259529960692,697.8123260498047,0.0006491684215919559,-0.8833838011209781,0.12097355769230769
19,31,996,421.49976202,31616,77.3,-0.004299485783737439,180,0.5629516243934631,0.9491145014762878,0.42688077688217163,0.005286201,0.1618259529960692,615.5025910597581,0.0006491684215919559,-0.8578946510186563,0.08984375
20,33,986,424.8767577700001,33280,78.1,-0.0049784163192201115,190,0.5413126349449158,1.0961756706237793,0.4501073956489563,0.0065914844,0.1618259529960692,639.2647013737605,0.0006491684215919559,-0.8219912047569569,0.09621394230769231
21,35,976,438.96239805000005,34944,81.95,-0.006190158813618697,200,0.5177097320556641,0.9375483989715576,0.43788933753967285,0.0100994455,0.1618259529960692,672.1894447913537,0.0006491684215919559,-0.7778532064878023,0.1444110576923077
22,37,967,508.49808597000003,36608,83.73,-0.0009217852547478217,210,0.49961453676223755,1.0045270919799805,0.4777054190635681,0.009158773,0.1618259529960692,578.8797491220328,0.0006491684215919559,-0.7430206422622387,0.12283653846153846
23,39,959,531.61279571,38272,82.32,-0.004931732670117456,220,0.4830750524997711,0.8389572501182556,0.49337339401245117,0.006110157,0.1618259529960692,393.48474044799804,0.0006491684215919559,-0.7037791827550302,0.09110576923076923
24,41,952,574.1004236199999,39936,88.46,-0.0075213169186519315,230,0.46025630831718445,0.7975854277610779,0.5272104740142822,0.010214899,0.1618259529960692,387.5917561457707,0.0006491684215919559,-0.662020670909148,0.11676682692307692
25,43,946,614.880236,41600,90.72,0.01169428014411376,240,0.4451506435871124,0.6015160083770752,0.6710754036903381,0.15408659,0.1618259529960692,484.2378257164588,0.0006491684215919559,-0.6236900978363478,0.15216346153846153
26,45,940,662.6069490799999,43264,100.5,-0.0002980686562995498,250,0.43422582745552063,0.9277944564819336,0.7045032382011414,0.0112077,0.1618259529960692,426.6780328603891,0.0006491684215919559,-0.5914704996805925,0.1576923076923077
27,48,934,717.2590679200001,44928,104.64,-0.00480966681184677,260,0.4252881705760956,0.5484441518783569,0.7738506346940994,0.011415756,0.1618259529960692,400.75800241323617,0.0006491684215919559,-0.56821492428963,0.1609375
28,50,929,738.38822524,46592,111.23,-0.006023604768471649,270,0.42101022601127625,0.6893301010131836,0.7021967470645905,0.010481677,0.1618259529960692,373.9430995647724,0.0006491684215919559,-0.5588383472882784,0.17103365384615385
29,52,923,739.610585,48256,115.33,0.00039601543416770607,280,0.41368526220321655,0.4432937800884247,0.8425936102867126,0.0066848197,0.1618259529960692,365.0111999511719,0.0006491684215919559,-0.5447876063676981,0.13707932692307692
30,54,919,806.19866998,49920,121.65,-0.003741642696639666,290,0.40356945991516113,0.33717527985572815,0.8249481618404388,0.009565766,0.1618259529960692,309.4604305560772,0.0006491684215919559,-0.5226343345183593,0.146875
31,56,915,838.45871281,51584,129.02,-0.004136578784360049,300,0.39049580693244934,0.37725934386253357,0.2753627896308899,0.012363473,0.1618259529960692,273.6085708618164,0.0006491684215919559,-0.49116728317279085,0.17037259615384615
32,58,913,911.6010861999999,53248,137.19,-0.006105390907480166,310,0.38580378890037537,0.36181801557540894,0.7618405073881149,0.0104955,0.1618259529960692,207.2317521608793,0.0006491684215919559,-0.47231548703633824,0.16766826923076922
33,60,909,1017.6415924600001,54912,145.18,-0.002146712061949074,320,0.3808932304382324,0.32421445846557617,0.8444213569164276,0.0069829198,0.1618259529960692,184.08679673121526,0.0006491684215919559,-0.4623785134691458,0.13203125
34,62,907,1113.04836772,56576,154.51,-0.0022376526738158787,330,0.3744833171367645,0.8257870078086853,0.23083925247192383,0.0075409045,0.1618259529960692,156.48304102237407,0.0006491684215919559,-0.44623467326164246,0.1528846153846154
35,64,905,1203.37936925,58240,160.93,-0.003622767509212001,340,0.3547344505786896,0.3562662899494171,0.8114024102687836,0.008012857,0.1618259529960692,240.07095873906061,0.0006491684215919559,-0.40509925381495404,0.11947115384615385
36,66,903,1258.7933209900002,59904,166.77,-0.0028102437804381434,350,0.353389173746109,0.41096270084381104,0.8649650812149048,0.0072715124,0.1618259529960692,219.25019598740798,0.0006491684215919559,-0.3823472935419816,0.11826923076923077
37,68,900,1280.2521126,61568,170.07,-0.0026547587306525273,360,0.34361252188682556,0.19018372893333435,0.8988277167081833,0.008974131,0.1618259529960692,130.67987199930045,0.0006491684215919559,-0.363237424997183,0.13990384615384616
38,70,898,1380.33341368,63232,180.55,0.001669676428159269,370,0.3378458023071289,0.4522501826286316,0.9099495857954025,0.04795416,0.1618259529960692,184.18195363558254,0.0006491684215919559,-0.3412047656682821,0.17668269230769232
39,72,896,1485.7736927699998,64896,185.48,-0.00012729274323926523,380,0.3297192454338074,0.13449950516223907,0.8007314503192902,0.011125599,0.1618259529960692,198.08247563288762,0.0006491684215919559,-0.3212030502466055,0.14807692307692308
40,74,895,1532.6670350699997,66560,188.01,-0.002727568531050705,390,0.32296016812324524,0.20466256141662598,0.8401758968830109,0.018555412,0.1618259529960692,169.18926533919114,0.0006491684215919559,-0.2977281336600964,0.18780048076923078
41,76,893,1606.4115166000001,68224,195.71,-0.0031308621221866747,400,0.31866776943206787,0.1378413587808609,0.8320107460021973,0.011077719,0.1618259529960692,133.3417419727032,0.0006491684215919559,-0.28187068563241224,0.15018028846153847
42,78,891,1650.7437887100002,69888,199.61,-0.0008143928170634004,410,0.3094632625579834,0.1685130000114441,0.840377151966095,0.012778129,0.1618259529960692,129.3713086788471,0.0006491684215919559,-0.2609394830006819,0.1391826923076923
43,80,890,1730.41219522,71552,204.86,-0.00057782271805291,420,0.308436781167984,0.12401407957077026,0.5287659466266632,0.010555487,0.1618259529960692,122.16669037158672,0.0006491684215919559,-0.24480288533064035,0.11814903846153846
44,82,888,1853.3594427799999,73216,211.1,-0.002993109479295806,430,0.3021765947341919,0.13752713799476624,0.28472650051116943,0.011127101,0.1618259529960692,125.99670479847835,0.0006491684215919559,-0.22960819235214822,0.1774639423076923
45,84,886,1842.8583862700002,74880,210.88,-0.00326720282363777,440,0.29192739725112915,0.08001212775707245,0.3897392153739929,0.018603383,0.1618259529960692,104.57461224702688,0.0006491684215919559,-0.2024073417370136,0.19885817307692308
46,86,883,1808.1114158300002,76544,209.03,0.01910138982795895,450,0.28855961561203003,0.10101184248924255,0.7314042150974274,0.02088645,0.1618259529960692,102.86315214450542,0.0006491684215919559,-0.1810631962922903,0.15661057692307692
47,88,881,1813.9675831799998,78208,207.29,0.0009437448197366813,460,0.28889375925064087,0.057154640555381775,0.8685688376426697,0.006588816,0.1618259529960692,100.31753865021926,0.0006491684215919559,-0.1709447007912856,0.16712740384615385
48,90,879,1831.2425011599996,79872,206.46,0.001197220653725358,470,0.2880447804927826,0.2167416363954544,0.6794324517250061,0.023096504,0.1618259529960692,144.07057371873123,0.0006491684215919559,-0.17531165434763982,0.16682692307692307
49,92,878,1837.1722661499998,81536,204.09,-0.005750117814526535,480,0.2803047001361847,0.037514641880989075,0.7543819844722748,0.013579597,0.1618259529960692,131.2430627309359,0.0006491684215919559,-0.15886825414804312,0.18443509615384615
50,94,876,1906.3580874400004,83200,206.38,-0.004365116488546706,490,0.27446869015693665,0.17108526825904846,0.7397570908069611,0.028366415,0.1618259529960692,140.44638500213622,0.0006491684215919559,-0.13257159636570856,0.18064903846153846
51,97,874,1859.8165219799994,84864,201.0,-9.008254049918973e-05,500,0.27083420753479004,0.23078066110610962,0.606888085603714,0.013665616,0.1618259529960692,129.48520288467407,0.0006491684215919559,-0.11808216388408954,0.16790865384615383
52,99,873,1876.22885404,86528,201.4,-0.0022291672989152946,510,0.2701488733291626,0.37404581904411316,0.8599401861429214,0.17310715,0.1618259529960692,151.13055790387668,0.0006491684215919559,-0.11144232566540058,0.14861778846153847
53,101,872,1849.9023712100002,88192,197.36,0.0009652768942312553,520,0.2717554569244385,0.15313252806663513,0.8145331889390945,0.02011896,0.1618259529960692,127.62154966134291,0.0006491684215919559,-0.11555928083566519,0.20018028846153846
54,103,871,1841.57588682,89856,196.37,0.0034901189080511147,530,0.27172985672950745,0.2587168514728546,0.8065875470638275,0.019286038,0.1618259529960692,100.1250486777379,0.0006491684215919559,-0.11820655877773578,0.21195913461538463
55,105,871,1753.9492774100001,91520,188.28,-0.004096816787317109,540,0.2743140757083893,0.0742114707827568,0.5028297603130341,0.017650368,0.1618259529960692,78.06929070766155,0.0006491684215919559,-0.11894167890915504,0.22926682692307693
56,107,870,1715.05988338,93184,182.3,0.0009962162835738407,550,0.28152942657470703,0.20482684671878815,0.7863167077302933,0.036835946,0.1618259529960692,135.25941770993745,0.0006491684215919559,-0.1392524453309866,0.20054086538461538
57,109,869,1679.3014292700004,94848,177.01,0.0026677207542189327,560,0.2802879214286804,0.18346956372261047,0.6914101243019104,0.0162563,0.1618259529960692,109.42089802668644,0.0006491684215919559,-0.150928356555792,0.16177884615384616
58,111,868,1625.88882524,96512,171.34,-0.002982524986593769,570,0.2770262062549591,0.2700823247432709,0.583997368812561,0.008798548,0.1618259529960692,157.79053162794847,0.0006491684215919559,-0.141703167786965,0.1618389423076923
59,113,867,1644.9349882899999,98176,172.82,-0.0013726071311304202,580,0.27261608839035034,0.1585937738418579,0.6209949553012848,0.016571077,0.1618259529960692,147.6838636471675,0.0006491684215919559,-0.12400271754998426,0.24489182692307693
60,115,866,1615.46355467,99840,170.22,0.0006767866524079671,590,0.2741643786430359,0.15307188034057617,0.32102131843566895,0.01387708,0.1618259529960692,123.49434205568754,0.0006491684215919559,-0.12257914176354041,0.19951923076923078
61,117,865,1648.9830294300002,101504,172.31,-0.002800311651439048,600,0.26863497495651245,0.08007268607616425,0.7042947709560394,0.1366921,0.1618259529960692,186.0461459673368,0.0006491684215919559,-0.11532724591401908,0.20799278846153846
62,119,864,1639.7344981399997,103168,170.5,-0.0005161384774300342,610,0.27036088705062866,0.11222221702337265,0.5060741305351257,0.010097982,0.1618259529960692,113.5155857012822,0.0006491684215919559,-0.10952549897707425,0.18731971153846153
63,121,864,1670.00351717,104832,173.28,-0.0012533700908534228,620,0.278126984834671,0.0711928978562355,0.5990918278694153,0.025963334,0.1618259529960692,67.14746141066918,0.0006491684215919559,-0.12769936873362614,0.18221153846153845
64,123,863,1676.7882127700002,106496,173.72,9.930535049464267e-05,630,0.26954612135887146,0.09844520688056946,0.487251877784729,0.013585945,0.1618259529960692,63.50138468008775,0.0006491684215919559,-0.11990191753094014,0.18395432692307692
65,125,863,1689.5982121400002,108160,174.61,0.004989644174929708,640,0.2707790732383728,0.06905525922775269,0.33108317852020264,0.016503442,0.1618259529960692,77.92646010472224,0.0006491684215919559,-0.10801182251710158,0.21003605769230768
66,127,862,1739.6811677299995,109824,178.94,-0.0032445553045433303,650,0.2577570080757141,0.3616316616535187,0.567795991897583,0.010613152,0.1618259529960692,98.54679633654081,0.0006491684215919559,-0.08405543611599849,0.17067307692307693
67,129,861,1767.2175070499998,111488,181.26,-0.002997935973466016,660,0.2540385127067566,0.08146990835666656,0.5391445159912109,0.080515854,0.1618259529960692,78.57747863256014,0.0006491684215919559,-0.055978440779906054,0.1736778846153846
68,131,860,1772.90780125,113152,181.79,0.02260507620118845,670,0.24869397282600403,0.2549935579299927,0.5742865800857544,0.02318413,0.1618259529960692,85.08463312662565,0.0006491684215919559,-0.03786563552342928,0.1817908653846154
69,133,859,1821.31367954,114816,186.12,0.023160653066140815,680,0.24916428327560425,0.1290418952703476,0.6193322837352753,0.014459739,0.1618259529960692,72.86061513607319,0.0006491684215919559,-0.02924938706251291,0.19981971153846154
70,135,859,1794.66743147,116480,183.23,0.006772285114185741,690,0.24434372782707214,0.035590045154094696,0.6297608315944672,0.016336739,0.1618259529960692,89.72157220840454,0.0006491684215919559,-0.0193686476120582,0.21003605769230768
71,137,858,1822.30215606,118144,184.97,-0.0011580737047972014,700,0.2427646666765213,0.10100213438272476,0.45873379707336426,0.026185397,0.1618259529960692,113.20335260537955,0.0006491684215919559,-0.006632067148502056,0.21778846153846154
72,139,858,1877.1401693499993,119808,190.28,0.004387790056017156,710,0.24072420597076416,0.08232110738754272,0.7218063473701477,0.0220174,0.1618259529960692,37.44691303693331,0.0006491684215919559,0.002159119569338285,0.23864182692307692
73,141,857,1934.96966686,121472,195.97,0.004086164595075668,720,0.23714840412139893,0.10611215978860855,0.570449948310852,0.01570708,0.1618259529960692,61.20370018665607,0.0006491684215919559,0.009122136464485755,0.17493990384615385
74,143,856,1971.5668373200003,123136,199.8,0.0014969281592549612,730,0.2377082258462906,0.04941115900874138,0.6415067315101624,0.014888344,0.1618259529960692,40.79379763786609,0.0006491684215919559,0.02118062927172734,0.18125
75,145,855,1953.9198548600002,124800,198.23,-0.004984106146730482,740,0.24367117881774902,0.07231895625591278,0.667509913444519,0.020332405,0.1618259529960692,54.84827979527987,0.0006491684215919559,0.0015136695825136626,0.2271033653846154
76,147,855,1959.25462855,126464,198.78,-0.0057661836608671226,750,0.23844535648822784,0.06325416266918182,0.5961809754371643,0.009861667,0.1618259529960692,96.87687348585862,0.0006491684215919559,0.00492865855877216,0.19903846153846153
77,149,854,1944.1384429799996,128128,196.89,0.0015879843070601616,760,0.23626519739627838,0.028407560661435127,0.7518226504325867,0.026173918,0.1618259529960692,36.669212678762584,0.0006491684215919559,0.020734337201485268,0.19621394230769232
78,151,854,1930.71495116,129792,195.5,0.006815049945949935,770,0.23642025887966156,0.150757297873497,0.5982783138751984,0.014777249,0.1618259529960692,64.98804688270275,0.0006491684215919559,0.02644145626288194,0.2421875
79,153,854,1957.17040807,131456,198.2,0.0017857900399786348,780,0.23437300324440002,0.08858756721019745,0.731829047203064,0.061426394,0.1618259529960692,53.86092952214754,0.0006491684215919559,0.0285621675161215,0.18173076923076922
80,155,853,1988.3738007399995,133120,201.25,2.8600980742619587e-05,790,0.23263998329639435,0.07817599922418594,0.7577948272228241,0.016603712,0.1618259529960692,49.77272853484521,0.0006491684215919559,0.039014778228906484,0.18209134615384615
81,157,853,1969.1636803900003,134784,199.06,-0.001766941646257272,800,0.2383461445569992,0.024085309356451035,0.6065720915794373,0.013981419,0.1618259529960692,51.933824669397794,0.0006491684215919559,0.02237472809278048,0.17698317307692307
82,160,852,2017.5010649000003,136448,204.03,-0.0036049285617012245,810,0.23906178772449493,0.30137866735458374,0.7438158392906189,0.010718247,0.1618259529960692,54.65068258689,0.0006491684215919559,0.009816384773987991,0.16436298076923078
83,162,852,1987.5324181000003,138112,201.04,-0.002239778595797431,820,0.23542088270187378,0.05560129135847092,0.6247568130493164,0.01299942,0.1618259529960692,61.004485713518584,0.0006491684215919559,0.020734434861403247,0.15997596153846153
84,164,851,1957.8921500899999,139776,198.13,0.009500627955780007,830,0.23423530161380768,0.1581173539161682,0.7118690609931946,0.07032459,0.1618259529960692,82.12956977073964,0.0006491684215919559,0.026946855049866898,0.21508413461538461
85,166,850,1928.60590149,141440,195.06,0.0022865456403591312,840,0.23049604892730713,0.06514611840248108,0.5991223454475403,0.020622717,0.1618259529960692,55.979424883769106,0.0006491684215919559,0.03649388139064495,0.20396634615384615
86,168,850,1914.4724743299998,143104,193.52,-0.0003856440531448103,850,0.22418300807476044,-0.007759416475892067,0.7404139339923859,0.015820572,0.1618259529960692,37.27748459852659,0.0006491684215919559,0.0634040103508876,0.20390625
87,170,849,1893.0356536000004,144768,191.24,0.0015594815915951936,860,0.22268585860729218,0.06841948628425598,0.5872910916805267,0.017811216,0.1618259529960692,95.78282779180087,0.0006491684215919559,0.08198789724936852,0.18353365384615383
88,172,849,1888.8209008200004,146432,190.79,-0.0019211275829897764,870,0.22362902760505676,0.02148161642253399,0.6833905279636383,0.09365899,0.1618259529960692,51.254496831160324,0.0006491684215919559,0.07876740510647114,0.2549278846153846
89,174,848,1927.5420679800002,148096,194.78,0.00296566690533207,880,0.2211543619632721,0.08364754170179367,0.5487249791622162,0.020680394,0.1618259529960692,82.45249253786527,0.0006491684215919559,0.08595385322204004,0.23106971153846154
90,176,848,1928.6932603099997,149760,194.71,0.0014408291639903417,890,0.2155139297246933,0.06325225532054901,0.6368415355682373,0.014866044,0.1618259529960692,52.49234554400811,0.0006491684215919559,0.10322359250142024,0.20234375
91,178,848,1933.5662216599997,151424,195.13,0.002841669699857728,900,0.2220672219991684,0.026662515476346016,0.7524520605802536,0.022721218,0.1618259529960692,39.73672680854797,0.0006491684215919559,0.09953643450370202,0.20859375
92,180,847,1957.8732219600001,153088,197.53,0.0029177866285093703,910,0.2220563292503357,0.030217627063393593,0.7439044117927551,0.014760272,0.1618259529960692,34.25641053639925,0.0006491684215919559,0.08724826207527747,0.2614783653846154
93,182,847,1973.75688559,154752,199.22,0.004644888154087731,920,0.22168229520320892,0.06047312170267105,0.8437341898679733,0.013055878,0.1618259529960692,26.435615176420946,0.0006491684215919559,0.08608543551885164,0.23413461538461539
94,184,846,1975.95909789,156416,199.42,-1.766650239005685e-05,930,0.22093160450458527,0.05991433933377266,0.8130803853273392,0.011774225,0.1618259529960692,43.597439058010394,0.0006491684215919559,0.08644811602739187,0.1506610576923077
95,186,846,1989.27188853,158080,200.63,0.00017278720624744893,940,0.21802684664726257,0.05715806037187576,0.6259247362613678,0.18733454,0.1618259529960692,71.7552039880019,0.0006491684215919559,0.09437136329137362,0.18082932692307693
96,188,846,2017.8625648599998,159744,203.65,0.0007825099307900438,950,0.21459737420082092,0.09814275801181793,0.6909765899181366,0.0154217435,0.1618259529960692,37.48595061393885,0.0006491684215919559,0.11488033991593581,0.20294471153846153
97,190,845,2018.35545144,161408,203.97,-0.002888976523760133,960,0.20807722210884094,0.05349814146757126,0.6211513876914978,0.03930913,0.1618259529960692,80.1428220308744,0.0006491684215919559,0.13483962370799138,0.18431490384615384
98,193,844,2015.3863660200002,163072,203.33,-0.0009368417927852043,970,0.2023116499185562,0.031017405912280083,0.7602298855781555,0.013895501,0.1618259529960692,61.92782429181612,0.0006491684215919559,0.16790533249194806,0.19627403846153846
99,195,844,2098.9317820300002,164736,211.74,0.0027176811529968222,980,0.2047284096479416,0.12493010610342026,0.5240856111049652,0.020051803,0.1618259529960692,80.54086202107943,0.0006491684215919559,0.1740353327531081,0.2510817307692308
100,197,844,2102.93441489,166400,212.09,0.004818595057496658,990,0.19439256191253662,0.009163320064544678,0.7320142388343811,0.030373262,0.1618259529960692,45.51143341981447,0.0006491684215919559,0.19252655872931848,0.23545673076923077
101,199,843,2080.9314377200003,168064,209.74,0.0015901612834288523,1000,0.18980547785758972,0.04736964404582977,0.6509478092193604,0.0152547015,0.1618259529960692,37.842073781673726,0.0006491684215919559,0.23320162892341614,0.18257211538461537
102,201,843,2077.74674157,169728,209.39,-0.002669872777858892,1010,0.18587525188922882,0.2219909131526947,0.47373145818710327,0.02403558,0.1618259529960692,136.46621453211858,0.0006491684215919559,0.25426437167020943,0.24513221153846154
103,203,842,2081.92932356,171392,209.88,0.004312438439900199,1020,0.18994060158729553,0.11958350241184235,0.740714967250824,0.013412431,0.1618259529960692,48.08408878399776,0.0006491684215919559,0.24898698742573078,0.2456730769230769
104,205,842,2090.68675601,173056,210.94,-0.0013757181998628836,1030,0.1880834549665451,0.03854096680879593,0.7389315366744995,0.23998404,0.1618259529960692,35.077955711804904,0.0006491684215919559,0.24607069675738996,0.22632211538461539
105,207,841,2090.44408372,174720,210.99,-0.004522157243739527,1040,0.18885597586631775,0.06318308413028717,0.7982594519853592,0.014177684,0.1618259529960692,44.27090903795683,0.0006491684215919559,0.25328287619810835,0.1951923076923077
106,209,841,2125.6210640400004,176384,214.48,-0.0005058590698843966,1050,0.18883943557739258,0.09103508293628693,0.8615822792053223,0.03729194,0.1618259529960692,26.686250772842993,0.0006491684215919559,0.25254506514622616,0.23539663461538463
107,211,840,2105.4661316799998,178048,212.24,0.00448054794419127,1060,0.18337145447731018,0.0809001475572586,0.7867539823055267,0.034079883,0.1618259529960692,40.56687046289444,0.0006491684215919559,0.26402065753936765,0.22950721153846154
108,213,840,2087.24718953,179712,210.08,-0.0010687549947761,1070,0.18286076188087463,0.020260732620954514,0.5727611184120178,0.015228394,0.1618259529960692,71.80975863566765,0.0006491684215919559,0.28018744404499346,0.17794471153846153
109,215,840,2068.71955797,181376,208.09,0.008361281198449432,1080,0.1825394630432129,0.14491721987724304,0.6319177150726318,0.019256817,0.1618259529960692,85.65948716310355,0.0006491684215919559,0.2809015072309054,0.16772836538461539
110,217,840,2052.94046411,183040,206.6,0.009205217505446993,1090,0.18381686508655548,0.11739493906497955,0.7590799182653427,0.1513467,0.1618259529960692,48.25942154114063,0.0006491684215919559,0.28083020494534416,0.18557692307692308
111,219,839,2057.38791694,184704,207.04,0.00676337322847058,1100,0.1837109476327896,0.10070208460092545,0.5782752931118011,0.03692141,0.1618259529960692,87.86411393605746,0.0006491684215919559,0.2752550831207862,0.21754807692307693
112,221,839,1995.4860588,186368,200.69,-0.0017118673261183387,1110,0.18052877485752106,0.07265359163284302,0.48625385761260986,0.016145838,0.1618259529960692,76.02171023258796,0.0006491684215919559,0.2859056023450998,0.20667067307692308
113,224,839,2015.1189378300003,188032,202.67,0.002414745087018953,1120,0.18624469637870789,0.1978447288274765,0.5353280603885651,0.029662695,0.1618259529960692,92.53241937343891,0.0006491684215919559,0.27944134152852573,0.2670673076923077
114,226,839,1969.8606089999998,189696,198.25,0.01141454894722511,1130,0.1858440339565277,0.03199063241481781,0.7524889707565308,0.042761028,0.1618259529960692,32.2654140490752,0.0006491684215919559,0.26550538539886476,0.2231971153846154
115,228,838,1871.38521715,191360,188.11,-0.0011214764170850125,1140,0.1825445592403412,0.23477311432361603,0.4438914656639099,0.011798774,0.1618259529960692,137.98202837430514,0.0006491684215919559,0.27144149725253763,0.1622596153846154
116,230,838,1761.8849370799999,193024,177.06,-0.0020866000917381966,1150,0.18592506647109985,0.029594793915748596,0.5439169704914093,0.0112428805,0.1618259529960692,126.0357209792504,0.0006491684215919559,0.27060822340158314,0.18653846153846154
117,232,838,1754.80033188,194688,176.48,-0.002969348118103181,1160,0.18537576496601105,0.13394512236118317,0.5182454586029053,0.05258417,0.1618259529960692,160.95925632623525,0.0006491684215919559,0.2640110703615042,0.18936298076923078
118,234,837,1791.50500876,196352,180.18,-0.005352300298042022,1170,0.17943495512008667,0.059253498911857605,0.7440513372421265,0.023859473,0.1618259529960692,62.71601985051082,0.0006491684215919559,0.28811861184927134,0.2287860576923077
119,236,837,1714.2874916800001,198016,172.43,0.0056621141283987805,1180,0.17920325696468353,0.15513649582862854,0.7725882083177567,0.013656018,0.1618259529960692,38.684030002814076,0.0006491684215919559,0.2963436374297509,0.19356971153846153
120,238,837,1738.18861158,199680,174.74,0.002736502033300125,1190,0.1790521889925003,0.20534740388393402,0.5852594971656799,0.020181818,0.1618259529960692,104.33875824854924,0.0006491684215919559,0.30072333812713625,0.18665865384615385
121,240,837,1704.11058336,201344,171.12,0.007204292281172597,1200,0.1731424778699875,0.07719490677118301,0.5723918080329895,0.025417635,0.1618259529960692,46.734036618012645,0.0006491684215919559,0.3191205052229074,0.24717548076923077
122,242,837,1677.90190073,203008,169.33,0.008138481174738935,1210,0.17247672379016876,0.04572877660393715,0.5887089669704437,0.06190783,0.1618259529960692,81.92132548552293,0.0006491684215919559,0.3376698177594405,0.21959134615384615
123,244,837,1609.9605617600005,204672,165.52,-0.017958773682431248,1220,0.16972200572490692,0.018157951533794403,0.6705515682697296,0.3218063,0.1618259529960692,103.5144622032459,0.0006491684215919559,0.34372792473206154,0.24627403846153847
124,246,836,1654.2514164500003,206336,169.97,0.010835290397517383,1230,0.17228226363658905,0.11579540371894836,0.9198101237416267,1.5875039,0.1618259529960692,89.02965742624723,0.0006491684215919559,0.34253004285005423,0.253125
125,248,836,1695.7799797699997,208000,174.11,0.0025772336771926626,1240,0.17105787992477417,0.14200466871261597,0.6261725127696991,0.010383826,0.1618259529960692,72.96249887026273,0.0006491684215919559,0.34192994374495284,0.21358173076923076
126,250,836,1729.79493224,209664,177.4,-0.004402955244474399,1250,0.16917036473751068,0.12554334104061127,0.5689901113510132,0.024262805,0.1618259529960692,104.81864064289974,0.0006491684215919559,0.3513492524623871,0.18713942307692308
127,252,836,1778.36386104,211328,183.25,0.003079967969097197,1260,0.1690944880247116,0.10993394255638123,0.7831743955612183,0.060272332,0.1618259529960692,39.69608584367312,0.0006491684215919559,0.35703988992250885,0.2743389423076923
128,254,835,1772.6350767899996,212992,182.42,-0.007414177805185318,1270,0.1670697182416916,0.007118632085621357,0.7334452867507935,0.4906751,0.1618259529960692,42.649084645051225,0.0006491684215919559,0.36186992067557117,0.2286658653846154
129,256,835,1771.41955794,214656,182.34,0.012028584957051162,1280,0.16316325962543488,0.04727238416671753,0.5688298642635345,0.027423333,0.1618259529960692,82.255986730869,0.0006491684215919559,0.3816365530857673,0.2251201923076923
130,259,835,1802.3254261499997,216320,185.34,0.00937126692599402,1290,0.1595674306154251,0.0370621420443058,0.7991467714309692,0.029232733,0.1618259529960692,28.721493730178246,0.0006491684215919559,0.4043781569370857,0.24026442307692308
131,260,835,1837.9767315699999,217984,189.06,0.0065603948198258875,1300,0.16265320777893066,0.028069693595170975,0.6242772042751312,0.09651495,0.1618259529960692,60.39303177503439,0.0006491684215919559,0.4040870265318797,0.2678485576923077
132,263,835,1835.9621590799998,219648,188.8,0.002740899783272583,1310,0.1637261062860489,0.053301043808460236,0.6288459002971649,0.03206774,0.1618259529960692,68.30197445796087,0.0006491684215919559,0.3947758367428413,0.23756009615384616
133,265,834,1885.5910772999998,221312,194.03,0.003501908925290291,1320,0.16290165483951569,0.014857402071356773,0.7904583513736725,0.031757556,0.1618259529960692,39.03612946730394,0.0006491684215919559,0.39488002084768736,0.23497596153846154
134,267,834,1912.7830492399999,222976,194.44,0.0016716726867553706,1330,0.16549229621887207,0.07130702584981918,0.7502777874469757,0.03262609,0.1618259529960692,64.61260678584759,0.0006491684215919559,0.3872697000320141,0.25072115384615384
135,269,834,1951.84012877,224640,196.75,0.003949390715346313,1340,0.1632596254348755,0.13892033696174622,0.6523330509662628,0.02225368,0.1618259529960692,77.09362573990455,0.0006491684215919559,0.38742541304001443,0.22139423076923076
136,271,834,1977.8227502999996,226304,199.43,0.0030022550732470474,1350,0.161897674202919,0.02614305168390274,0.7659619897603989,0.02020029,0.1618259529960692,25.907134902477264,0.0006491684215919559,0.39751883768118346,0.2456730769230769
137,273,833,2024.39826076,227968,204.04,0.0068783520962684775,1360,0.1588672399520874,0.043476007878780365,0.7922583967447281,0.081538334,0.1618259529960692,35.79386671689841,0.0006491684215919559,0.41109051796106194,0.28509615384615383
138,275,833,2035.4976509800001,229632,205.1,0.002882882082261718,1370,0.15847279131412506,0.07655075937509537,0.7571497559547424,0.029261481,0.1618259529960692,39.00942865885221,0.0006491684215919559,0.42610615629416243,0.21268028846153847
139,277,833,2049.74206228,231296,205.49,0.005051131604705006,1380,0.15586994588375092,0.023726148530840874,0.7780470252037048,0.043327786,0.1618259529960692,43.27922289279791,0.0006491684215919559,0.42807871997356417,0.22133413461538462
140,279,833,2060.77407858,232960,206.68,0.0041182122560432894,1390,0.15649913251399994,0.03645171597599983,0.8555268198251724,0.03583531,0.1618259529960692,30.218241538451267,0.0006491684215919559,0.43569027758561646,0.23563701923076924
141,281,833,2085.89320625,234624,209.21,0.006525456500597871,1400,0.16200809180736542,0.05118643492460251,0.7344144582748413,0.027614834,0.1618259529960692,43.97158466852628,0.0006491684215919559,0.41893213001581336,0.2530048076923077
142,283,832,2111.0436653300003,236288,211.88,0.0033107325774975696,1410,0.15985815227031708,0.048019204288721085,0.7639418691396713,0.027853526,0.1618259529960692,21.3588530760545,0.0006491684215919559,0.40484921565422644,0.20679086538461539
143,285,832,2074.30799628,237952,208.07,0.004652157959599908,1420,0.1598542183637619,0.05598454922437668,0.7555986195802689,0.07828256,0.1618259529960692,58.123114246588486,0.0006491684215919559,0.41520571548205154,0.2381610576923077
144,287,832,2088.91202821,239616,209.55,0.0035922711370333744,1430,0.15952475368976593,0.04517859220504761,0.7231842875480652,0.012615888,0.1618259529960692,60.14747819533715,0.0006491684215919559,0.41644249122876387,0.20042067307692307
145,289,832,2056.0626804500002,241280,206.01,0.0025145182950207247,1440,0.15983308851718903,0.027955465018749237,0.649809867143631,0.24677037,0.1618259529960692,44.108213549393874,0.0006491684215919559,0.41660875036166267,0.2266826923076923
146,292,831,2052.395364,242944,205.53,0.003058791053123199,1450,0.16461163759231567,0.04075434058904648,0.8045141845941544,0.024932913,0.1618259529960692,34.08474279183608,0.0006491684215919559,0.40073197048444015,0.22782451923076924
147,294,831,2053.80188956,244608,205.73,0.000855167569198574,1460,0.16973857581615448,0.018411824479699135,0.6940600872039795,0.013394601,0.1618259529960692,62.19060305998875,0.0006491684215919559,0.3714428828312801,0.19038461538461537
148,296,831,2019.61465472,246272,202.2,0.005072433270442371,1470,0.1667751967906952,0.0465092658996582,0.7089823186397552,0.025477601,0.1618259529960692,24.346799971507146,0.0006491684215919559,0.367825441635572,0.23768028846153846
149,298,830,1943.4451827599999,247936,196.58,0.003480433618936401,1480,0.1656734198331833,0.05700227990746498,0.8143070787191391,0.019453974,0.1618259529960692,23.724632829886218,0.0006491684215919559,0.37118015747803906,0.22740384615384615
150,300,830,1941.4286828000002,249600,196.72,-0.03259205100699686,1490,0.15958765149116516,0.07640382647514343,0.1862795352935791,1.4031441,0.1618259529960692,159.3298988855802,0.0006491684215919559,0.40015398057607504,0.2299278846153846
151,302,830,1907.2784747599999,251264,193.37,0.01692042795788998,1500,0.1612226665019989,0.036260779947042465,0.6308595240116119,0.03973593,0.1618259529960692,59.25853854326101,0.0006491684215919559,0.4105648421324216,0.24459134615384615
152,304,830,1846.1660490699996,252928,187.29,0.011410567827092913,1510,0.15850067138671875,0.3265267312526703,0.5265398025512695,0.019417213,0.1618259529960692,76.38925784000983,0.0006491684215919559,0.41766212765987104,0.24771634615384616
153,306,830,1859.11062878,254592,188.87,-0.0015777546930341767,1520,0.15401731431484222,0.29646652936935425,0.45764195919036865,0.014677221,0.1618259529960692,121.96689763435951,0.0006491684215919559,0.4380580819570101,0.20697115384615383
154,308,830,1836.1890786000004,256256,186.4,0.004175111778581945,1530,0.15393957495689392,0.02759464830160141,0.8037332743406296,0.016073747,0.1618259529960692,27.865453081864576,0.0006491684215919559,0.4490912980758227,0.24110576923076923
155,310,830,1820.4463129699998,257920,184.88,-7.735154090019373e-05,1540,0.1512736827135086,0.02927626483142376,0.6157070100307465,0.021114647,0.1618259529960692,52.37953710922828,0.0006491684215919559,0.46389576219595396,0.2230769230769231
156,312,830,1810.1193347800001,259584,183.88,0.003137752246290732,1550,0.1467236876487732,0.021222690120339394,0.7840700745582581,0.02009944,0.1618259529960692,60.259954747786885,0.0006491684215919559,0.4846217889052171,0.21352163461538462
157,314,830,1829.5331137,261248,185.93,0.003747635166375683,1560,0.1436973661184311,0.039509087800979614,0.6612319052219391,0.04004777,0.1618259529960692,44.7844022329037,0.0006491684215919559,0.516407596377226,0.25829326923076923
158,316,830,1783.15944553,262912,181.3,0.009971131149751063,1570,0.14409498870372772,0.042052216827869415,0.6012264490127563,0.04930266,0.1618259529960692,61.06516359677681,0.0006491684215919559,0.5212802091470131,0.3049278846153846
159,318,830,1770.10758541,264576,179.96,0.0027874982002406164,1580,0.13980311155319214,0.03777028247714043,0.7623083889484406,0.052456517,0.1618259529960692,66.88644256225,0.0006491684215919559,0.534454687512838,0.2541466346153846
160,320,829,1833.4250371199998,266240,184.13,0.0038155049918434368,1590,0.137246772646904,0.047329772263765335,0.4212796688079834,0.024261905,0.1618259529960692,85.27363690229562,0.0006491684215919559,0.5577186433168558,0.21778846153846154
161,322,829,1787.79372142,267904,180.59,0.0028569598476259183,1600,0.13471654057502747,0.06578114628791809,0.7942483276128769,0.018326813,0.1618259529960692,33.95031523887928,0.0006491684215919559,0.5761670974584726,0.2227764423076923
162,325,829,1777.32374553,269568,180.43,-0.01799548513148553,1610,0.13189567625522614,0.25767630338668823,0.29060983657836914,0.7074165,0.1618259529960692,252.0142636519212,0.0006491684215919559,0.5957502002899463,0.2706129807692308
163,327,828,1783.1987302899997,271232,180.96,0.05596761223501884,1620,0.13025441765785217,0.040864408016204834,0.6777584552764893,0.16177383,0.1618259529960692,116.12223906150231,0.0006491684215919559,0.6111275700422434,0.26622596153846156
164,329,828,1757.2706558700002,272896,178.4,0.006606281700973901,1630,0.13056586682796478,0.42900002002716064,0.730641782283783,0.02799924,0.1618259529960692,67.6527991258181,0.0006491684215919559,0.6198901236057281,0.26917067307692305
165,331,828,1750.7406520999998,274560,177.57,0.01123135559923517,1640,0.13450154662132263,-0.010521350428462029,0.6333460509777069,0.03609322,0.1618259529960692,83.29072886980497,0.0006491684215919559,0.6047492045622606,0.28052884615384616
166,333,828,1741.8662592699998,276224,176.81,0.001409534544039231,1650,0.1316230446100235,0.10947474092245102,0.6430857181549072,0.03486452,0.1618259529960692,73.64370866738832,0.0006491684215919559,0.5981028639353239,0.30618990384615385
167,335,828,1739.28237839,277888,176.75,0.010241085453890264,1660,0.13423015177249908,0.05506487563252449,0.7618332356214523,0.03592097,0.1618259529960692,59.1177540228917,0.0006491684215919559,0.6022429351623242,0.26598557692307695
168,337,828,1777.85297553,279552,180.55,0.005233847380776961,1670,0.13338921964168549,0.013412163592875004,0.6212918758392334,0.02492954,0.1618259529960692,79.18652005929214,0.0006491684215919559,0.5923420644723452,0.27674278846153844
169,339,828,1791.4012945700001,281216,181.93,-0.0029585791751742365,1680,0.13631071150302887,0.07847636938095093,0.733439028263092,0.069235876,0.1618259529960692,29.607624470270597,0.0006491684215919559,0.5804104807285162,0.2581129807692308
170,341,828,1807.5786318600003,282880,183.63,0.0011006183528269712,1690,0.1349538266658783,0.05982546508312225,0.689815491437912,0.020121941,0.1618259529960692,48.0844765498088,0.0006491684215919559,0.5790686197005785,0.26123798076923077
171,343,828,1833.0849306399998,284544,186.24,-0.0014175578620499716,1700,0.13591130077838898,0.07854518294334412,0.8512693643569946,0.014141014,0.1618259529960692,28.06395206451416,0.0006491684215919559,0.5792714449075552,0.22463942307692308
172,345,828,1849.64213161,286208,187.96,0.0005148481004513226,1710,0.13508541882038116,0.02702672965824604,0.7597929537296295,0.04185255,0.1618259529960692,43.4220549253317,0.0006491684215919559,0.578340561573322,0.25402644230769234
173,347,828,1880.5610244100003,287872,189.79,0.004386127046578063,1720,0.13336779177188873,4.924647510051727e-05,0.5797945559024811,0.022305377,0.1618259529960692,45.60459543008071,0.0006491684215919559,0.5883034334732936,0.20853365384615385
174,349,828,1915.5391992200002,289536,192.21,0.008273572283080564,1730,0.12768156826496124,-0.0038526789285242558,0.8776212185621262,0.060551483,0.1618259529960692,15.161739820700426,0.0006491684215919559,0.6196826568016639,0.27830528846153846
175,351,828,1856.62094712,291200,186.26,0.005114124276084252,1740,0.12730905413627625,0.02341441996395588,0.6317957937717438,0.014449353,0.1618259529960692,63.50616261775677,0.0006491684215919559,0.6387721080046433,0.21580528846153846
176,353,828,1897.28541115,292864,190.36,-6.51458242478279e-05,1750,0.12816666066646576,0.04057325795292854,0.6571180820465088,0.027731009,0.1618259529960692,61.21307374880864,0.0006491684215919559,0.6389669106556819,0.21634615384615385
177,355,828,1907.7717635799997,294528,191.41,0.0017539422744168684,1760,0.12529993057250977,0.057102132588624954,0.8313690423965454,0.03303506,0.1618259529960692,43.79997851848602,0.0006491684215919559,0.6480465146211477,0.20510817307692308
178,357,828,1820.1239896700001,296192,182.45,0.0008907246582496624,1770,0.12585249543190002,0.3452337086200714,0.7804643958806992,0.27724764,0.1618259529960692,60.45829630998465,0.0006491684215919559,0.6525955695372362,0.2544471153846154
179,359,828,1789.65381316,297856,179.38,7.932463016074437e-05,1780,0.12734001874923706,0.10123705863952637,0.6129546165466309,0.024676858,0.1618259529960692,94.65666002126841,0.0006491684215919559,0.6466560698472537,0.19134615384615383
180,361,828,1785.2673367799998,299520,178.98,0.009165499054898437,1790,0.13024742901325226,-0.012121032923460007,0.741077184677124,0.38222024,0.1618259529960692,35.48915084692148,0.0006491684215919559,0.6295580909802363,0.27247596153846154
181,363,828,1694.4386685399995,301184,169.91,-0.0025397722501880847,1800,0.1341361254453659,0.05425143614411354,0.8020549714565277,0.021000365,0.1618259529960692,43.87761562420771,0.0006491684215919559,0.6048321797297551,0.22776442307692307
182,365,827,1665.0551334000002,302848,168.22,-0.000796860010506442,1810,0.13287928700447083,0.0429602786898613,0.5818365812301636,0.018669281,0.1618259529960692,99.55402374267578,0.0006491684215919559,0.592386540541282,0.18659855769230768
183,367,827,1657.3957852299998,304512,167.43,-0.02111412838387948,1820,0.12796413898468018,0.005029570311307907,0.3140663504600525,2.2837005,0.1618259529960692,122.72146990482624,0.0006491684215919559,0.615775702549861,0.2513221153846154
184,369,827,1669.2246417300003,306176,168.71,0.007128374779131264,1830,0.127648264169693,0.04243683069944382,0.7863880097866058,0.04188544,0.1618259529960692,37.677689440433795,0.0006491684215919559,0.6398592265752646,0.27806490384615384
185,372,827,1724.43475021,307840,174.29,0.004660830921672571,1840,0.1259956806898117,0.041116878390312195,0.8727305382490158,0.17202035,0.1618259529960692,20.60279020896325,0.0006491684215919559,0.648506860091136,0.2896033653846154
186,374,827,1686.72734942,309504,170.59,0.00934977061025655,1850,0.1268896609544754,0.0313476100564003,0.7743719071149826,0.047145646,0.1618259529960692,37.46222939124474,0.0006491684215919559,0.6489405141426967,0.24194711538461539
187,376,826,1723.2507243999999,311168,174.19,0.0011052932406668194,1860,0.1268521547317505,0.09875074028968811,0.6261771321296692,0.01665832,0.1618259529960692,93.53037390342125,0.0006491684215919559,0.6440533656340379,0.23221153846153847
188,378,826,1761.93284694,312832,177.93,0.0020847466935475286,1870,0.12593789398670197,0.029851963743567467,0.8248690515756607,0.18905161,0.1618259529960692,22.021452828554008,0.0006491684215919559,0.6522668031545785,0.2628004807692308
189,380,826,1810.38891875,314496,182.76,0.008711424507558919,1880,0.12492140382528305,0.00709396181628108,0.7831510454416275,0.025060216,0.1618259529960692,17.692275672692517,0.0006491684215919559,0.6617539882659912,0.2667067307692308
190,382,826,1853.7903379100003,316160,187.21,0.0013596589838226255,1890,0.12715880572795868,0.03445188328623772,0.7735294252634048,0.04567695,0.1618259529960692,34.8315216926428,0.0006491684215919559,0.6555106392273536,0.20793269230769232
191,384,826,1818.6403531400001,317824,183.51,0.0008027950713697535,1900,0.12600645422935486,0.028611278161406517,0.7438354790210724,0.020766618,0.1618259529960692,38.567529428922214,0.0006491684215919559,0.6489576724859384,0.21947115384615384
192,386,826,1872.50000954,319488,188.94,0.005621956800146459,1910,0.12544256448745728,0.0723697692155838,0.8118940442800522,0.045358088,0.1618259529960692,41.11795486303476,0.0006491684215919559,0.6530475130447975,0.2509014423076923
193,388,826,1917.4828269,321152,192.19,0.0024466539965942503,1920,0.12576593458652496,0.19718387722969055,0.7724587619304657,0.021047695,0.1618259529960692,62.26991312687213,0.0006491684215919559,0.6556628007155199,0.2208533653846154
194,390,826,1908.3797977400004,322816,191.17,0.0057319438416295896,1930,0.1308600902557373,0.007470836862921715,0.7501247972249985,0.15218027,0.1618259529960692,33.413155577732965,0.0006491684215919559,0.6357336181860703,0.24405048076923078
195,392,826,1891.4278344499999,324480,189.47,0.0009292451503614967,1940,0.1330758035182953,0.043076060712337494,0.6660079658031464,0.03310439,0.1618259529960692,63.17938512655405,0.0006491684215919559,0.604339764209894,0.20540865384615384
196,394,826,1864.1683801000001,326144,186.83,-0.005325474427977147,1950,0.12906208634376526,0.05907771736383438,0.720202773809433,0.017547574,0.1618259529960692,34.9151712179184,0.0006491684215919559,0.615258007324659,0.22079326923076922
197,396,826,1876.9578438700003,327808,187.87,-0.0004698727879888163,1960,0.13125339150428772,0.09166115522384644,0.7228492200374603,0.032887116,0.1618259529960692,45.52029305054591,0.0006491684215919559,0.6214594785983746,0.24501201923076923
198,398,826,1900.45454345,329472,190.28,0.003989098049127139,1970,0.13331817090511322,0.030300242826342583,0.6229443550109863,0.028806819,0.1618259529960692,84.56581124159005,0.0006491684215919559,0.6031009577787839,0.23467548076923078
199,400,826,1874.4521246499999,331136,187.89,0.002766694711485448,1980,0.13504977524280548,0.009075649082660675,0.8028326034545898,0.020124631,0.1618259529960692,46.62819127486302,0.0006491684215919559,0.5865301544849689,0.2701923076923077
200,402,826,1910.2334695399998,332800,191.47,0.0032840828760527076,1990,0.1347115933895111,0.04390696436166763,0.7565991133451462,0.028218694,0.1618259529960692,45.86963223677415,0.0006491684215919559,0.5879799219278189,0.23725961538461537
201,404,826,1896.6730531500004,334464,189.99,0.004643343758876793,2000,0.13356313109397888,0.0017423680983483791,0.855040967464447,0.06819381,0.1618259529960692,10.969812884697546,0.0006491684215919559,0.591661053437453,0.25853365384615384
202,406,826,1903.3043207599999,336128,190.63,0.01903258519909846,2010,0.13237711787223816,0.08980240672826767,0.6634024977684021,0.019759886,0.1618259529960692,68.34106652003068,0.0006491684215919559,0.6004331992222712,0.21682692307692308
203,408,825,1939.9139550600003,337792,194.29,0.003092353962934934,2020,0.13208360970020294,0.029161769896745682,0.8098006844520569,0.013244195,0.1618259529960692,30.37118203823383,0.0006491684215919559,0.6092918524375328,0.19837740384615385
204,411,825,1939.69388959,339456,194.74,0.00306407639112037,2030,0.13275744020938873,0.1359129101037979,0.8267626166343689,0.12325753,0.1618259529960692,31.406867759044353,0.0006491684215919559,0.6021442339970515,0.2141826923076923
205,413,825,1925.0773739699998,341120,194.19,-0.017320461535396483,2040,0.1300990730524063,0.05671127513051033,0.42166149616241455,0.49392113,0.1618259529960692,55.11702399345545,0.0006491684215919559,0.6093231687178978,0.23287259615384615
206,415,825,1939.75311685,342784,195.77,-0.02191870971941031,2050,0.1287543773651123,0.12361995130777359,0.7661765664815903,0.90783715,0.1618259529960692,48.69029900844281,0.0006491684215919559,0.6228961412723247,0.21784855769230768
207,417,825,1949.47024493,344448,196.86,0.0069254428658706065,2060,0.12532511353492737,0.02688661217689514,0.8587422519922256,0.025912069,0.1618259529960692,28.528461980819703,0.0006491684215919559,0.6445352572661179,0.19771634615384615
208,419,825,1908.5559625100002,346112,192.7,0.00027927549717088156,2070,0.12390724569559097,0.12186881899833679,0.7873057574033737,0.06244127,0.1618259529960692,48.39709823681758,0.0006491684215919559,0.6607942526157086,0.24110576923076923
209,421,825,1935.33813963,347776,195.57,0.005239383425885954,2080,0.126348078250885,0.01894180104136467,0.6579355299472809,0.14096378,0.1618259529960692,46.44464185604682,0.0006491684215919559,0.6611823114065024,0.22259615384615383
210,423,825,1931.04613213,349440,194.93,0.006205836509784254,2090,0.12290714681148529,0.07457718253135681,0.6812542676925659,0.033104595,0.1618259529960692,41.73542276529165,0.0006491684215919559,0.6603114797518803,0.21015625
211,425,825,1935.9729134899999,351104,195.39,0.01478791962413547,2100,0.12642545998096466,0.01628510095179081,0.8557300865650177,0.028410511,0.1618259529960692,23.58045578461427,0.0006491684215919559,0.6612781015726236,0.29368990384615384
212,427,825,1916.2232514,352768,193.39,0.003734206220206733,2110,0.12489013373851776,0.014659490436315536,0.6722961366176605,0.023943173,0.1618259529960692,61.36821728119483,0.0006491684215919559,0.6543215614098769,0.24224759615384617
213,429,824,1898.21643223,354432,191.57,0.00700388946212255,2120,0.12123905122280121,0.02443883568048477,0.8263193964958191,0.030909892,0.1618259529960692,26.929141833232,0.0006491684215919559,0.6766932033575498,0.23900240384615384
214,431,824,1903.09664687,356096,191.97,-0.000421269317694868,2130,0.12360398471355438,0.09768763184547424,0.7810635566711426,0.020234393,0.1618259529960692,41.05645797069256,0.0006491684215919559,0.6816285211306352,0.22932692307692307
215,433,824,1912.37692453,357760,192.33,0.004791711934376508,2140,0.12756764888763428,0.07130616158246994,0.8392298668622971,0.09296481,0.1618259529960692,30.550420630895175,0.0006491684215919559,0.6553355849706209,0.23106971153846154
216,435,824,1914.2731530199997,359424,192.37,-0.001971493640807099,2150,0.1279594749212265,-0.018293704837560654,0.7961351424455643,0.07385223,0.1618259529960692,31.80003591959293,0.0006491684215919559,0.63605327468652,0.265625
217,437,824,1929.18272871,361088,193.01,0.008643280958326963,2160,0.12595413625240326,0.11162799596786499,0.8236439228057861,0.036423333,0.1618259529960692,32.68256333974691,0.0006491684215919559,0.6410277660076434,0.23551682692307693
218,440,824,1954.4449858400005,362752,195.64,0.002019803720311477,2170,0.12872527539730072,0.019913285970687866,0.8436390161514282,0.024560057,0.1618259529960692,27.000529453387628,0.0006491684215919559,0.6415311561180995,0.22139423076923076
219,442,824,1988.66437813,364416,198.91,0.011338862237663797,2180,0.1293952316045761,0.09814578294754028,0.8010374009609222,0.34584126,0.1618259529960692,45.35504458500789,0.0006491684215919559,0.6267137179007897,0.2308894230769231
220,444,823,1991.0198974099999,366080,199.14,0.006554530619177967,2190,0.12965092062950134,0.029193103313446045,0.6438201367855072,0.026537457,0.1618259529960692,55.86136532380031,0.0006491684215919559,0.6253482447220728,0.21412259615384616
221,446,823,2004.88374576,367744,200.38,0.006182956753764302,2200,0.13151714205741882,-0.018669500946998596,0.6777568459510803,0.06229291,0.1618259529960692,54.49725792958186,0.0006491684215919559,0.617185280414728,0.2530649038461538
222,448,823,2010.56793455,369408,200.9,0.007314244743723136,2210,0.12974725663661957,0.01431911438703537,0.837198331952095,0.029403877,0.1618259529960692,33.62390119295854,0.0006491684215919559,0.6148526521829458,0.2715144230769231
223,450,823,1986.4407735900004,371072,198.37,0.0008648135833657131,2220,0.12361542135477066,0.024182379245758057,0.8360430300235748,0.03132252,0.1618259529960692,21.67596115515782,0.0006491684215919559,0.6507829152620755,0.27920673076923075
224,452,823,2002.4668807900002,372736,200.11,0.002260629736030331,2230,0.1263282597064972,0.023607980459928513,0.6888321936130524,0.029182462,0.1618259529960692,62.29538369178772,0.0006491684215919559,0.6561435873691852,0.2222355769230769
225,454,823,1999.3776080400003,374400,199.85,0.005763321658238196,2240,0.1274774968624115,0.07307431846857071,0.6949079632759094,0.052758574,0.1618259529960692,33.14811860598051,0.0006491684215919559,0.6469667471372165,0.21225961538461538
226,456,823,1999.60628207,376064,199.79,0.005642908361131469,2250,0.12902593612670898,0.059958115220069885,0.4446668028831482,0.015029102,0.1618259529960692,43.98881996228145,0.0006491684215919559,0.637757139481031,0.25709134615384616
227,458,823,2007.2191186400003,377728,200.48,0.003958816710823717,2260,0.13121174275875092,0.014518368057906628,0.8582112938165665,0.019688934,0.1618259529960692,17.56453701166006,0.0006491684215919559,0.61731148820657,0.22578125
228,460,823,2012.3526250200002,379392,201.03,0.0033303528227126944,2270,0.13683871924877167,0.0022387434728443623,0.8751067146658897,0.51134056,0.1618259529960692,17.056381917916813,0.0006491684215919559,0.5865004037435239,0.2509014423076923
229,462,823,2024.8756258899998,381056,202.31,0.0029642163802726337,2280,0.1356402188539505,0.013888032175600529,0.8947547674179077,0.034391887,0.1618259529960692,17.397120124560136,0.0006491684215919559,0.5739358487037513,0.23419471153846153
230,464,823,2027.3724100399997,382720,202.72,0.000964445722862505,2290,0.13853025436401367,0.01703960821032524,0.8678120821714401,0.025469545,0.1618259529960692,18.780080137803004,0.0006491684215919559,0.568820605140466,0.2208533653846154
231,467,823,2015.5711803500003,384384,201.3,-0.0011652135397665776,2300,0.13774925470352173,0.06027796119451523,0.8307906240224838,0.20321791,0.1618259529960692,35.83483819044553,0.0006491684215919559,0.559380516409874,0.29356971153846156
232,469,822,2010.31964569,386048,200.87,0.001067680580756412,2310,0.13492779433727264,0.047693438827991486,0.7363730669021606,0.017882816,0.1618259529960692,41.02872297030229,0.0006491684215919559,0.5728131044369478,0.23419471153846153
233,471,822,2004.2563311099998,387712,200.24,0.0057059838705194686,2320,0.1388169378042221,0.027898870408535004,0.7091125249862671,0.042890307,0.1618259529960692,37.5346455849134,0.0006491684215919559,0.5698410472044578,0.2533653846153846
234,473,822,1934.57143361,389376,193.47,0.0004305828640309091,2330,0.13986650109291077,0.018096022307872772,0.806404709815979,0.023005158,0.1618259529960692,38.18324038432195,0.0006491684215919559,0.5514651195361064,0.23149038461538463
235,475,822,1949.2723465399997,391040,194.97,0.0016910457925405353,2340,0.14208082854747772,0.13083797693252563,0.5509388148784637,0.010307019,0.1618259529960692,100.65072065133315,0.0006491684215919559,0.5421865428869541,0.18774038461538461
236,477,822,1962.0750625100002,392704,196.23,0.004788346801741192,2350,0.13885052502155304,0.04813193529844284,0.7737830579280853,0.056996208,0.1618259529960692,20.339827770453233,0.0006491684215919559,0.5412296556509458,0.23461538461538461
237,479,822,1979.8871241400002,394368,198.2,-0.00015595621751764645,2360,0.140628844499588,0.01899365521967411,0.7714639157056808,0.016938586,0.1618259529960692,49.02483412119059,0.0006491684215919559,0.5489436821295665,0.21256009615384616
238,481,822,1998.4746088999998,396032,200.12,-0.005336474000404661,2370,0.1416548639535904,0.050520408898591995,0.7282465696334839,0.021413697,0.1618259529960692,54.15197396645179,0.0006491684215919559,0.5416632821926703,0.22073317307692308
239,483,822,1993.6007090600003,397696,199.57,0.0010268007028991213,2380,0.13817444443702698,0.000965791754424572,0.8013810515403748,0.058318634,0.1618259529960692,17.68620716700187,0.0006491684215919559,0.5503629393302477,0.24044471153846153
240,485,822,1981.06146572,399360,198.41,0.004725823017696922,2390,0.1388673633337021,0.006404506042599678,0.7478420436382294,0.08310448,0.1618259529960692,30.614094246350803,0.0006491684215919559,0.5588599496162855,0.23341346153846154
241,487,822,1954.4859915999996,401024,195.72,0.0010199997215889968,2400,0.14169150590896606,0.10195691883563995,0.7047540843486786,0.030141154,0.1618259529960692,40.78344227717473,0.0006491684215919559,0.5435476092191843,0.2564302884615385
